metric,value,p_value
pearson_r,0.00830382613813977,0.5655034921603013
spearman_rho,-0.010448535687014647,0.46960411617176323
