metric,value,p_value
pearson_r,0.007761382963814221,0.9047898169314464
spearman_rho,-0.023557700654525247,0.7165306668256124
